userId,userName,email,phone,role,status,kycStatus,joinDate,lastActive,totalEarnings,totalJobs,rating,address,city,state,deviceId,ipAddress,jobId,jobTitle,jobCategory,jobStatus,businessId,workerId,jobAmount,commission,jobCreatedDate,jobCompletedDate,paymentStatus,latitude,longitude
1,Rajesh Kumar,rajesh.kumar@example.com,+919876543210,worker,active,verified,2025-01-15,2026-02-05,45000,23,4.8,"123 MG Road","Mumbai","Maharashtra",DEV001,192.168.1.101,J001,Product Promotion at Mall,promotion,completed,B001,1,2000,200,2026-01-20,2026-01-21,paid,19.0760,72.8777
2,Priya Sharma,priya.sharma@example.com,+919876543211,worker,active,verified,2025-02-10,2026-02-06,32000,18,4.6,"456 Brigade Road","Bangalore","Karnataka",DEV002,192.168.1.102,J002,Flyer Distribution,distribution,completed,B002,2,1500,150,2026-01-22,2026-01-23,paid,12.9716,77.5946
3,Amit Patel,amit.patel@example.com,+919876543212,worker,active,pending,2025-03-05,2026-02-04,28000,15,4.7,"789 CG Road","Ahmedabad","Gujarat",DEV003,192.168.1.103,J003,Event Setup Assistant,event,in_progress,B003,3,3000,300,2026-02-01,,,pending,23.0225,72.5714
4,Sneha Reddy,sneha.reddy@example.com,+919876543213,worker,active,verified,2025-01-20,2026-02-05,51000,28,4.9,"321 Banjara Hills","Hyderabad","Telangana",DEV004,192.168.1.104,J004,Brand Ambassador,promotion,completed,B001,4,2500,250,2026-01-25,2026-01-26,paid,17.3850,78.4867
5,Vikram Singh,vikram.singh@example.com,+919876543214,worker,suspended,verified,2025-02-15,2026-01-30,15000,8,3.2,"654 Connaught Place","Delhi","Delhi",DEV005,192.168.1.105,J005,Sampling Campaign,sampling,cancelled,B004,5,1800,180,2026-01-28,,,refunded,28.6139,77.2090
6,Ananya Iyer,ananya.iyer@example.com,+919876543215,worker,active,verified,2025-03-01,2026-02-06,38000,20,4.5,"987 Park Street","Kolkata","West Bengal",DEV006,192.168.1.106,J006,Store Merchandising,merchandising,completed,B005,6,2200,220,2026-01-30,2026-01-31,paid,22.5726,88.3639
7,Rahul Gupta,rahul.gupta@example.com,+919876543216,worker,active,rejected,2025-04-10,2026-02-03,0,0,0,"147 Residency Road","Pune","Maharashtra",DEV007,192.168.1.107,J007,Product Demo,demonstration,pending,B002,7,2000,200,2026-02-03,,,pending,18.5204,73.8567
8,Kavya Menon,kavya.menon@example.com,+919876543217,worker,active,verified,2025-01-25,2026-02-05,42000,22,4.7,"258 Marine Drive","Kochi","Kerala",DEV008,192.168.1.108,J008,Street Marketing,promotion,completed,B003,8,1700,170,2026-02-01,2026-02-02,paid,9.9312,76.2673
9,Arjun Nair,arjun.nair@example.com,+919876543218,worker,active,verified,2025-02-20,2026-02-06,35000,19,4.6,"369 Anna Salai","Chennai","Tamil Nadu",DEV009,192.168.1.109,J009,Leaflet Distribution,distribution,in_progress,B001,9,1600,160,2026-02-04,,,pending,13.0827,80.2707
10,Meera Joshi,meera.joshi@example.com,+919876543219,worker,active,verified,2025-03-15,2026-02-05,29000,16,4.8,"741 FC Road","Pune","Maharashtra",DEV010,192.168.1.110,J010,Event Hostess,event,completed,B004,10,3500,350,2026-01-27,2026-01-28,paid,18.5204,73.8567
11,Karan Malhotra,karan.malhotra@example.com,+919876543220,business,active,verified,2025-01-10,2026-02-06,0,12,4.7,"852 Golf Course Road","Gurgaon","Haryana",DEV011,192.168.1.111,J011,Product Launch Support,event,completed,B001,2,4000,400,2026-01-29,2026-01-30,paid,28.4595,77.0266
12,Divya Kapoor,divya.kapoor@example.com,+919876543221,business,active,verified,2025-02-05,2026-02-05,0,8,4.5,"963 Linking Road","Mumbai","Maharashtra",DEV012,192.168.1.112,J012,Mall Activation,promotion,completed,B002,1,2800,280,2026-02-02,2026-02-03,paid,19.0760,72.8777
13,Sanjay Verma,sanjay.verma@example.com,+919876543222,business,active,pending,2025-03-20,2026-02-04,0,5,4.3,"159 Sector 17","Chandigarh","Chandigarh",DEV013,192.168.1.113,J013,Brand Promotion,promotion,in_progress,B003,4,2100,210,2026-02-05,,,pending,30.7333,76.7794
14,Pooja Agarwal,pooja.agarwal@example.com,+919876543223,business,active,verified,2025-01-30,2026-02-06,0,15,4.8,"357 MG Road","Jaipur","Rajasthan",DEV014,192.168.1.114,J014,Sampling Drive,sampling,completed,B004,6,1900,190,2026-01-31,2026-02-01,paid,26.9124,75.7873
15,Rohit Saxena,rohit.saxena@example.com,+919876543224,business,active,verified,2025-02-25,2026-02-05,0,10,4.6,"468 Hazratganj","Lucknow","Uttar Pradesh",DEV015,192.168.1.115,J015,Store Promotion,promotion,completed,B005,8,2300,230,2026-02-03,2026-02-04,paid,26.8467,80.9462
16,Nisha Rao,nisha.rao@example.com,+919876543225,worker,active,verified,2025-04-01,2026-02-06,12000,7,4.4,"579 Residency Road","Bangalore","Karnataka",DEV016,192.168.1.116,J016,Product Sampling,sampling,completed,B001,16,1400,140,2026-02-04,2026-02-05,paid,12.9716,77.5946
17,Aditya Bhatt,aditya.bhatt@example.com,+919876543226,worker,banned,verified,2025-01-12,2026-01-15,8000,4,2.1,"680 Law Garden","Ahmedabad","Gujarat",DEV017,192.168.1.117,J017,Event Support,event,cancelled,B002,17,2000,200,2026-01-10,,,refunded,23.0225,72.5714
18,Ritu Desai,ritu.desai@example.com,+919876543227,worker,active,verified,2025-03-10,2026-02-05,31000,17,4.5,"791 Boat Club Road","Pune","Maharashtra",DEV018,192.168.1.118,J018,Brand Activation,promotion,completed,B003,18,2400,240,2026-02-01,2026-02-02,paid,18.5204,73.8567
19,Manish Tiwari,manish.tiwari@example.com,+919876543228,worker,active,pending,2025-04-15,2026-02-04,0,0,0,"802 Gomti Nagar","Lucknow","Uttar Pradesh",DEV019,192.168.1.119,J019,Flyer Campaign,distribution,pending,B004,19,1500,150,2026-02-06,,,pending,26.8467,80.9462
20,Swati Kulkarni,swati.kulkarni@example.com,+919876543229,worker,active,verified,2025-02-28,2026-02-06,27000,14,4.6,"913 Shivaji Nagar","Pune","Maharashtra",DEV020,192.168.1.120,J020,Product Demo,demonstration,in_progress,B005,20,2600,260,2026-02-05,,,pending,18.5204,73.8567
21,Gaurav Chopra,gaurav.chopra@example.com,+919876543230,admin,active,verified,2024-12-01,2026-02-06,0,0,0,"101 Admin Block","Mumbai","Maharashtra",DEV021,192.168.1.121,,,,,,,,,,,,19.0760,72.8777
22,Neha Singh,neha.singh@example.com,+919876543231,admin,active,verified,2024-12-01,2026-02-06,0,0,0,"102 Admin Block","Mumbai","Maharashtra",DEV022,192.168.1.122,,,,,,,,,,,,19.0760,72.8777
23,Deepak Kumar,deepak.kumar@example.com,+919876543232,worker,active,verified,2025-03-25,2026-02-05,19000,11,4.3,"234 Sector 18","Noida","Uttar Pradesh",DEV023,192.168.1.123,J021,Mall Promotion,promotion,completed,B001,23,1800,180,2026-02-02,2026-02-03,paid,28.5355,77.3910
24,Simran Kaur,simran.kaur@example.com,+919876543233,worker,active,verified,2025-04-05,2026-02-06,16000,9,4.7,"345 Model Town","Ludhiana","Punjab",DEV024,192.168.1.124,J022,Brand Ambassador,promotion,in_progress,B002,24,2700,270,2026-02-06,,,pending,30.9010,75.8573
25,Harish Pillai,harish.pillai@example.com,+919876543234,worker,active,verified,2025-01-18,2026-02-05,44000,24,4.8,"456 MG Road","Trivandrum","Kerala",DEV025,192.168.1.125,J023,Event Management,event,completed,B003,25,3200,320,2026-01-26,2026-01-27,paid,8.5241,76.9366
26,Tanvi Shah,tanvi.shah@example.com,+919876543235,business,active,verified,2025-02-12,2026-02-06,0,9,4.4,"567 SG Highway","Ahmedabad","Gujarat",DEV026,192.168.1.126,J024,Product Launch,event,completed,B001,4,3800,380,2026-02-03,2026-02-04,paid,23.0225,72.5714
27,Vishal Yadav,vishal.yadav@example.com,+919876543236,worker,active,verified,2025-03-08,2026-02-05,25000,13,4.5,"678 Saket","Delhi","Delhi",DEV027,192.168.1.127,J025,Sampling Activity,sampling,completed,B004,27,1700,170,2026-02-04,2026-02-05,paid,28.6139,77.2090
28,Anjali Mehta,anjali.mehta@example.com,+919876543237,worker,active,rejected,2025-04-20,2026-02-03,0,0,0,"789 Satellite","Ahmedabad","Gujarat",DEV028,192.168.1.128,J026,Store Setup,merchandising,pending,B005,28,2100,210,2026-02-06,,,pending,23.0225,72.5714
29,Nikhil Bansal,nikhil.bansal@example.com,+919876543238,worker,active,verified,2025-02-18,2026-02-06,33000,18,4.6,"890 Cyber City","Gurgaon","Haryana",DEV029,192.168.1.129,J027,Brand Promotion,promotion,in_progress,B002,29,2200,220,2026-02-05,,,pending,28.4595,77.0266
30,Ishita Jain,ishita.jain@example.com,+919876543239,worker,active,verified,2025-01-22,2026-02-05,39000,21,4.7,"901 Indiranagar","Bangalore","Karnataka",DEV030,192.168.1.130,J028,Event Coordination,event,completed,B003,30,3100,310,2026-01-28,2026-01-29,paid,12.9716,77.5946
